"","geneName","ATATTC","UGUAHMNUA","HWNCAUUWY","UTR3_length","UTR3_seq"
"1","YBL043W",2,0,2,194,"ATTAAAATGAAGGAAATAACACAACTTCGTTTTGCATTATCATATTCACATCTGCATCCTATTTTTTTTTTCTCATTGTTGTTGTATCATTATTACTAACTAGTGCATCACCACTTGTCTAAATACCAAACGCAAAATATATATATTCTTACTTCATAACGTTCAAAATAAAGTTTTTAGTTTAAAATAAAATA"
"2","YBR071W",1,0,3,275,"TATAACCTACCATAGGACACACTTTGTTGTTGATGTTGGACAATTCGTTAATTAAGAGTCCCTAAACGGCTCTACTAGTTCCAACCTCACTTTGTTTTTTCATTTTTTTATGTTTTTTCTAGAACCTTCTTTACGTGATTCTCGCTCGGAATCCGTCAATAGAATGTTTTCAGTCTCCGTTTCAATATTCTGCGCACATCAATCATTTTCTTACTACATACACTAACATTACTCCTAGTTTAATTTAATTGAATTTTTAACTTTCTTTTCTTTTC"
"3","YBR169C",1,0,2,178,"TCGGAATTTTTGTCTATTTGGATTGTTCCCTCTTTATTCTTTCTTAAATGAACCACTAGTGCTTCATTATGTGCCCTTTATACATTACCTCTATATTCAATCTTCTATTATAAAAATGATAATTATTTCTACATAAGCCGTTATAAGAATTTAATGAAAATTATGAAATAACATACAC"
"4","YDL049C",2,0,2,250,"TGAAATAATACAAAAAAAAAATTTATGAAAATGGACAAATCGATTTATTATATTCGTTAACATTTTTTCTGCTTAATTATTGTTATTCTATTTTTTTTTTTTTTTAAATGGATGAGCTGTATTCCATTTTAACCAGTAACGGTAATTTTTAATACTAATAAAAAAAGGAGACAAATAATATAGTATTAGTTGTAATTCATATTGTGTTTCTGTTTAGTACATATGTTAGTACATATATTCTTAATATGCT"
"5","YDL139C",1,0,2,121,"GGTGCTAAAATGCCGTATATTCGAATTTCATTACCATCAGAATATATATATATATATATGAGTCTATATTAGGGACTATCATACGGTAACCCGGACCTCCATTACCCGCATGACTTTACTC"
"6","YDR191W",1,0,2,109,"AAAGTATTTGTCCTACCAAAAAAGGTTGGAGATAAAATTAATGCATTTTTCATTAGATATATATATATATTCATATATATTGTTTAAGTTACCATTTTGTATGTTTTTC"
"7","YDR459C",2,0,2,167,"ATAGTATTAAATTTTTCAAGCAATTTATATTCTGGGACGAAACTCATGTTACAATCGGTATATGTTTCTATTATCTATTCATTTTAATATATTCTGTATGCGTAGGGGAAGGGATAGTATATACATTTTCTTGATCGTCCTTCCATAAATAGTAAGAGATAAGTTTG"
"8","YDR525W-A",1,0,3,227,"GTGACTCTTTCTACGTTATCCTCCTCCGCAGAATTTCGTAATAAGTGATGTGTGGCTCTTTTGCTACCCTTTTTTTTTCATTTCTTTCTTTTTTTTCTATTTTATTTTTTCTTTTTCATTTTTCGGTACTTCTATGTACCTGAAATGAATAATAATGTAATGGCAAGCCATCTCATCGCTGTCGGCTAAGTAAATCTATAGTTTAATATATTCATTTTCCCTCATTC"
"9","YER175C",1,0,2,230,"AAATTTCAGCCAATAAGCATTATATTCGTGAAATTTTAGTAAGAGCGCGCGTTTTAATTGGTGAAGCCTCGCGACGTATTCACAGATGTCCTAGAAAAAGTTACCATATCTGAAGACTGGTTGATATTTAGCTTAAATAGCATATTAATACTGTACCAGTTGAACCATTTTTTAATCTGTTACTGCCAGGAACGTTGATTCGTTTTCCCGGTAACATTGTTGTCTTTGGG"
"10","YFL050C",1,0,2,285,"CATGACCGCTATGGTAGGTCGGCAGATCTTTAGCAGGCAGAATAAAAGTCTGCCGAACAACAAGTTCCTGAATTTTGAAAATTTTTGGCACATTGGTTGACTGCTTTTAAAGCATTTTTTTGATATGAGGGCACAAAAATATGACGCTTCACTTAAAGTTTCTCATATTCTGACACACTTCAGTGATTTTTTAAATCACATTGCATATTTATACCGTAAAAGTTGTAGAGTTAGTTTTCTTTATGTAGGCCAATAAAATAAATTTGCTTGAGCTGCATTACTAGC"
"11","YGL080W",2,0,2,261,"AACGAGCAGTCTAAGAACCTGAAGTAGGTGACTAGATGGAAACATAAAAAAGAACAAGCAAGGATTAAGAGGATGGATATGTTCATGCATATTCTCTCATTTTTACCTCTTCTCCTTTTCATATATGCATGCTATAGAACCATTATCTCTATGAGTTTCATTTTATTTAGTAGTTAGTATTGAACCAAACTACATAAGATGACATATTCTAAATAACCTAAATAATTATTATGTCTTTATTCAAATATTTCTTTTATATCC"
"12","YGR154C",1,0,2,243,"AAACTTCTAATATTTTCTTACACACACATATATTTATATGCATGGCTATACTTCAAAAGAGGTTGTCACTTCCATTTCCATGTAGGTAAAACTCGTGTATAGACGGAACACAGACTTCCCTAGTTTTATTGACTTCATAGTCTCTGCACCATTCAATTATGTCTCTGTAAAAGAGACTCTTCTTTATATCGCCCTTTTCTATATTCTCCATCTCCAGTTCTTTGAAGCATTTTGCTTTTCTCG"
"13","YHR001W-A",1,0,2,239,"AGCCAAAACATCCAACCGGCTGAGTGATTTTATTTATTTGTTTTACGTTCTTTTCTATCATTTTGGAAGAGGAATTAATGCAAAACACATTTGTATTTTTTTTTATTTTTGCATATTCTCGATTATCTATACATATTTTTAAACTGGATCATAAAAGGTATAAAAAGTAATTGATCCATACAACATTTTTAAATATTTACCCCTCTATTTTCAGAATATTTACTAAAACATCAGTTATC"
"14","YJL132W",1,0,2,138,"TGATAAGTTATTATGTACAAGCATCGGTTTAGTTCAATTACATTAATTTAATACTTGAAAAGCATATTTGGCAATATGCGCTATATATATTCTGATGTCATTTGCTTCTATTTACATTTCATTCATTTTTTTTCTCTG"
"15","YJL166W",1,0,2,169,"TATTGTTTCCATGCCTCTACATTACATCGATCTTTTGATCTTCTAAAAACTTACATATATATTCTGTTTATAAAACAAGAGCAAATAACCCCCATATATTTATTCAGTCAGTCTATTTATTTACTTACAGTATCAGTAATAATAAATACTTAAGCATTTTTTGTTTTGT"
"16","YKL061W",1,0,3,245,"GCTATCAAAAACGATAGATCGATTAGGATGACTTTGAAATGACTCCGCAGTGGACTGGCCGTTAATTTCAAGCGTGAGTAAAATAGTGCATGACAAAAGATGAGCTAGGCTTTTGTAAAAATATCTTACGTTGTAAAATTTTAGAAATCATTATTTCCTTCATATCATTTTGTCATTGACCTTCAGAAGAAAAGAGCCGACCAATAATATAAATAAATAAATAAAAATAATATTCCATTATTTCT"
"17","YKL164C",1,1,3,258,"TCATAAGTTTACCTCTCATAGTCGCATGAAAACATAAAGTCATCGTAGCATATTCTGTACATTAGTCATTTCTGTCTCCAAAGGGCATAATTTGGGTCGGTTCATTTTTTTCTTCTTAATTCGTCTCTTCATTTCATAAAGCTTTCTTTTGAAACCTATGAAATGAGCTTTACAGTTCTTCACTCTTTTTTTTAAAGTTTGTTTATTTTTTTATACTATATACATTATTATTTCTAAAAAATCATTATAAATTACGTT"
"18","YKR075C",1,0,2,162,"AGGAGAGTTTGCTCTCTTCTGCATTTCCACATACACATTTGATGTTAATTTACATACGAGTATACTCTCGTACACAACATATATATATATATATATGTAATATATTCATAGCACTTACTTATTAATGAAGGCCATAAGCCAAACAACATCTCACCATTTTTC"
"19","YLR094C",1,0,2,119,"TAGACCCCCCACCTTTTCATCGCCTTCACCCCACCCATTTGCATTATCTAAAAATAGTAAACTATATATTCTACCACCACATTCATTATATATAATATTTAAAACAACGCATTACCACC"
"20","YMR139W",1,0,2,235,"TGATAGCACCGGAGGGAGCCCAGGCAAGAATAATGGGAGAAGGAAGGAACATATATACGTATGTCTTTTTTTAGTACTATTATTACTGTTATTATTATGAGTATTGTTTTTGTATTACCATCATATTCTTATCATTATTAGTAGTAACAGTATTATGTTATCATTACTGTTATAATGAATACAAATTATGAAAAAAATAAGGTAAAGCCAAAATAAATTGTAACTTTTTTATGCC"
"21","YMR266W",1,0,2,187,"AGGTTAAACATTATCAGAAATTATCTATTCCTATTTGTTTAGCTGTTATCCTCTGATGGTTGAATTGTAATTTTACTAAGAAAAGGAGAGGAAAAGGACGTGCATATATTCTTTTAATACATTTAAAATATGATTCTAATCATTTCTTATATAATAGTGTATAGTCTAATCATTCATCGTGTATAGT"
"22","YNL082W",1,0,2,97,"TCTAGCTTTGATATTCATTCATTATATAATTAACAAATACATTATATACAGGGAGTGACAACACAAAATATACTCGTGCATTGAAGATGCTTGATGG"
"23","YNL211C",1,0,2,178,"TTCATCCTTGTCTGATGTACAAGTACTATAAAACAGACAAAAGTACCTTTTGACTGCATTTCACACTAAAATCTCTTTTTAAAACGAAAAAAACGCATGCAATTTAAATAATATTACTACGTACTATTTGGCATTTCTATTTAACACCATTATATATATTCAAAACTATATATTACAC"
"24","YNL222W",1,0,2,176,"ACAAAACGGTCAATTACTGTAGAAAAGCATAAGCATTAAGCGGCCCTCATGAATCCTACATTATCCGTGAAATTTCAATACTTTCACAAGTCTTCGATAGCTTCCTAGTTATATTCATTATATAATATTACGTTTCTTGTTGCGGCTCTCTTAAGCACATTATTTGCTTGTTGTCC"
"25","YNR014W",1,0,3,169,"TTATCCATTCGTCCATCCATCTGTCTATCGTCACACAGCATTTCCCATCCCTCCTCTATACATACATACATATACAGTTCTGCGTGGTCTACGCAGCCATGTATATATATATTTCCGTCGTTTTATATATTCATTACTAAAATCGACAATGCATTTTTTGCCGCTTTCC"
"26","YOL042W",2,1,2,268,"GGCATTACTATCTTGCCTTTTTTGTGCTTTTTTTCTTCATTCCTTGTTTTATTTTATTTGTACCTCTCTTATAACCTTGTTATCATACTTTTTATTCATTTCAAATATTCTTTCCATTATTGCAGTATTCTTTAAGTAATATTCCGAACGTGTTCCATAATTTGGGTATGAATGTATTTATAGAAATATATAAAACGCATGATTTTTCTTTTTTATATGTATATTATACTATTAGAACTATGTAAAAAAATGCCAGCATGTATAGAGG"
"27","YOR038C",1,0,2,96,"TTTGGCTTTAACAATGTATAGTTTAAACTCTTATATTTTTCATTATATTCATTATCTACAGTATGTAATATTATTGTAATTGCCTTCTTAATCTCG"
"28","YOR176W",1,0,2,132,"TAAGGGCCATTCATCCCACAATCTCAATATCAGTATATTCTCTTATTTATTAATTGAGGTTGCGTATTTATGTTTTCTTTGTGGTATATAATATATCATTATTTATTGCATTTTAAAACTTTTTTTTTCATT"
"29","YPL177C",1,0,2,117,"TCACTTATCAATGCATTACTTAAATATTCATATAATTATATCTATTACCATTTACATTTTATCGTTACTATATATAGTATTATCATGTCATTGAACGTGTTACGTCTATTATGTTAC"
"30","YPL221W",2,0,2,177,"GCTTTGTCGATGGGATAAAGGTAAAAAGAACAACGTAATTAAATCATTACGAAAACTCTACTGCATTATTTTTTAGTCTTTTTATAGAGACATGAACATTCAATTACTTTCAAGGATAAATATTCTAATATTCATATTATTCACTTATGTATTTTTAACGAAACTCTACTCCATTCT"
"31","YPL265W",1,0,3,279,"ATGCCTTTTTAATCAAAGCCTTAGGGCAACATGAAACTATATTCATCCAATCAAAAAAATGAGCACAAGAATTTCTCTTTGATCATTTTTCTTTTACCTTTAATAACAATCGTTATCAACATTTTTTATTTCCAGTCCTACCACAGCATTATTGCATAATTAATTTACAGGAAGATTTTCTTGAAAAAATAGAAAGAAAAATACCCATTTTTTCAAGGAAAATAAAATTTATATATTACATACATTTCTATAAAACAGTTTAAATTCAAAAATATAAAC"
"32","YPR138C",1,0,2,141,"ATCAACTCCCCAGTAACTGCTCGTCGGCACATTGAACGGAAGTGCCGCGATACTAGATTTTTTTTTATTTATTTATTTCTGAACTTTTTAATTTTATATTCTGCATTTTATCATAGACTCACAAAACAAATTCATTTCATC"
